{
  "accuracy": 0.6666666666666666,
  "cv_mean": 0.6185770750988141,
  "cv_std": 0.09937914934173435,
  "classification_report": {
    "advanced_greeting": {
      "precision": 0.75,
      "recall": 1.0,
      "f1-score": 0.8571428571428571,
      "support": 3.0
    },
    "chatbot_identity": {
      "precision": 0.4444444444444444,
      "recall": 1.0,
      "f1-score": 0.6153846153846154,
      "support": 4.0
    },
    "goodbye": {
      "precision": 0.0,
      "recall": 0.0,
      "f1-score": 0.0,
      "support": 2.0
    },
    "help_request": {
      "precision": 1.0,
      "recall": 0.6666666666666666,
      "f1-score": 0.8,
      "support": 3.0
    },
    "learning_request": {
      "precision": 1.0,
      "recall": 1.0,
      "f1-score": 1.0,
      "support": 2.0
    },
    "math_calculation": {
      "precision": 0.0,
      "recall": 0.0,
      "f1-score": 0.0,
      "support": 2.0
    },
    "technical_support": {
      "precision": 1.0,
      "recall": 0.5,
      "f1-score": 0.6666666666666666,
      "support": 2.0
    },
    "accuracy": 0.6666666666666666,
    "macro avg": {
      "precision": 0.5992063492063492,
      "recall": 0.5952380952380951,
      "f1-score": 0.562742019884877,
      "support": 18.0
    },
    "weighted avg": {
      "precision": 0.6126543209876544,
      "recall": 0.6666666666666666,
      "f1-score": 0.5981277981277981,
      "support": 18.0
    }
  }
}