{
  "accuracy": 0.7222222222222222,
  "cv_mean": 0.6637362637362637,
  "cv_std": 0.1695800591157585,
  "classification_report": {
    "advanced_greeting": {
      "precision": 0.75,
      "recall": 1.0,
      "f1-score": 0.8571428571428571,
      "support": 3.0
    },
    "chatbot_identity": {
      "precision": 1.0,
      "recall": 1.0,
      "f1-score": 1.0,
      "support": 4.0
    },
    "goodbye": {
      "precision": 0.2,
      "recall": 0.5,
      "f1-score": 0.2857142857142857,
      "support": 2.0
    },
    "help_request": {
      "precision": 1.0,
      "recall": 0.6666666666666666,
      "f1-score": 0.8,
      "support": 3.0
    },
    "learning_request": {
      "precision": 1.0,
      "recall": 1.0,
      "f1-score": 1.0,
      "support": 2.0
    },
    "math_calculation": {
      "precision": 0.0,
      "recall": 0.0,
      "f1-score": 0.0,
      "support": 2.0
    },
    "technical_support": {
      "precision": 1.0,
      "recall": 0.5,
      "f1-score": 0.6666666666666666,
      "support": 2.0
    },
    "accuracy": 0.7222222222222222,
    "macro avg": {
      "precision": 0.7071428571428572,
      "recall": 0.6666666666666666,
      "f1-score": 0.6585034013605443,
      "support": 18.0
    },
    "weighted avg": {
      "precision": 0.7583333333333333,
      "recall": 0.7222222222222222,
      "f1-score": 0.7153439153439154,
      "support": 18.0
    }
  }
}